,,,,,,,Multi-professional Approach to Patient Care,,,,Structured Management Plan,,,,Scheduled Patient Follow-Up,,,,Enhanced Inter-professional Communi-cation,,,,Increased Patient and Family Activation,,,
,,merge fields,,,,,Case manager mental health background,Supervising psychiatrist / psychologist,Co-treating psychiatrist / psychologist,Treatment team organization,Counselingi with or without medication,Manual-based psychotherapy,Goal Setting,Consideration of Patient preference,Routine Follow-Up with Casemanager (ev. 2-4 week),Intensive Follow-Up w/ Case Manager (≤ 2 weeks),Form of monitoring,Automatization prozess for Follow-Up,Regularly scheduled patient review,Ad hoc emergency communication,Written documentation / Team meeting,Shared Medical Record,Disease-related coping strategies,Relapse prevention plan,Involvement of family/ friends,Involvement of community / cultural background
No,Study ID,study_id,treatment_id,Treatment Group,HANNAH_Study/Row Id,HANNAH_StudyNo,case_manager_with_mental_health_background,supervising_psychiatrist_psychologist_was_involved,cotreating_between_psychiatrist_and_psychologist_was_done,treatment_team_org,counseling_was_provided_in_addition_to_medication_(≤ 8 sessions),manual_based_psychotherapy,treatment_goals_were_considered,patient_preference_was_considered_in_treatment_decisions,follow_up_frequency_every_(2-4 weeks),follow_up_frequency_( ≤2 weeks),form_of_monitoring,automated_follow_up_process_was_used,regular_patient_review_was_scheduled,adhoc_emergency_comm,form _of_discussing_patient,is_there_a_shared_medical_record,are_disease_coping_strategies_taught,is_there_a_relapse_prevention_plan,were_family_and_friends_involved,community_cultural_bg
2,"Aragonès et al., 2012",02_Aragones_2012,intervention,,"Aragonès et al., 2noyes2",2,no,yes,yes,local,no,no,no,no,by_phone,no,yes,no,yes,no,yes,no,no,yes,yes,yes
3,"Aragonès et al., 2019",03_Aragones_2019,intervention,,"Aragonès, et al., 2noyes9",yes7,yes,yes,no,local,yes,yes,yes,no,by_phone,no,yes,yes,yes,yes,yes,yes,yes,yes,no,no
4,"Bekelman et al., 2018",04_Bekelman_2018,intervention,,"Bekelman et al., 2noyes8",3,no,no,no,local,yes,no,yes,yes,in_person,yes,yes,no,yes,no,yes,no,yes,no,yes,no
5,"Bekelman et al., 2015",05_Bekelman_2015,intervention,,"Bekelman et al., 2noyes5",5,no,yes,no,central,yes,no,no,no,in_person,no,yes,yes,yes,yes,yes,yes,yes,no,no,no
8,"Coventry et al., 2015",08_Coventry_2015,intervention,,"Coventry et al., 2noyes5",4,yes,yes,no,local,yes,no,yes,yes,in_person,no,yes,no,yes,no,yes,no,yes,yes,no,yes
9,"Davidson et al., 2013",09_Davidson_2013,intervention,,"Davidson et al., 2noyes3",28,yes,yes,no,central,yes,no,yes,yes,in_person,no,yes,no,yes,no,yes,no,no,no,yes,no
10,"Fletcher et al., 2021a",10_Fletcher_2021a,intervention,,"Fletcher et al., 2no2yesb",6,no,yes,no,central,no,no,yes,yes,by_phone,no,yes,yes,yes,no,yes,no,yes,no,no,yes
11,"Fletcher et al., 2021b",11_Fletcher_2021b,intervention,,"Fletcher et al., 2no2yesa",7,no,yes,no,local,yes,no,yes,yes,in_person,no,yes,yes,yes,no,yes,no,no,no,no,yes
12,"Gensichen et al., 2009",12_Gensichen_2009,intervention,,"Gensichen et al., 2nono9",yesyes,no,no,no,local,yes,yes,yes,no,in_person,no,yes,yes,yes,yes,yes,no,yes,no,no,no
13,"Hölzel et al., 2018",13_Hölzel_2018,intervention,,"Hölzel et al., 2noyes8",8,no,yes,yes,local,yes,no,yes,yes,in_person,no,yes,no,yes,no,no,no,yes,yes,no,no
14,"Katon et al., 1995",14_Katon_1995,intervention,,"Katon et al., yes995",27,yes,no,yes,local,yes,no,no,no,by_phone,no,yes,yes,yes,yes,yes,no,yes,no,no,no
15,"Katon et al., 1996",15_Katon_1996,intervention,,"Katon et al., yes996",26,yes,yes,yes,local,yes,yes,no,no,in_person,no,yes,no,yes,no,yes,no,yes,yes,yes,no
16,"Katon et al., 1999",16_Katon_1999,intervention,,"Katon et al., yes999",25,yes,no,yes,local,no,no,yes,no,by_phone,no,yes,yes,yes,yes,yes,no,no,no,yes,no
17,"Katon et al., 2001",17_Katon_2001,intervention,,"Katon et al., 2nonoyes",24,yes,yes,yes,local,yes,no,yes,yes,by_phone,no,yes,yes,yes,yes,yes,no,yes,yes,no,no
18,"Katon et al., 2004",18_Katon_2004,intervention,,"Katon et al., 2nono4",23,no,yes,yes,local,yes,no,yes,yes,in_person,no,yes,yes,yes,no,yes,no,no,yes,no,no
19,"Katon et al., 2010",19_Katon_2010,intervention,,"Katon et al., 2noyesno",22,no,yes,no,local,yes,yes,yes,no,in_person,no,yes,no,yes,no,yes,yes,yes,yes,no,no
20,"Patel et al., 2010",20_Patel_2010,intervention,,"Patel et al., 2noyes",32,no,yes,no,local,yes,yes,no,no,by_phone,no,yes,no,yes,no,yes,no,yes,no,no,yes
21,"Richards et al., 2007",21_Richards_2008,intervention,,"Richards et al., 2nono9",yes2,yes,yes,no,local,yes,yes,no,no,in_person,yes,no,no,yes,no,yes,yes,yes,no,yes,no
22,"Richards et al., 2013",22_Richards_2013,intervention,,"Richards et al., 2noyes3",yes3,yes,yes,no,local,yes,yes,no,no,in_person,no,yes,no,yes,yes,yes,yes,yes,yes,no,no
23,"Rollman et al., 2009",23_Rollman_2009,intervention,,"Rollman et al., 2nono9",3yes,no,yes,no,central,no,no,yes,yes,in_person,no,no,yes,yes,yes,yes,no,yes,yes,no,no
24,"Rollman et al., 2016",24_Rollman_2016,intervention,,"Rollman et al.,2noyes6",yesno,no,yes,no,local,yes,no,yes,yes,in_person,no,no,yes,yes,no,yes,yes,yes,no,no,yes
25,"Rollman et al., 2017",25_Rollman_2017,intervention_CCBT,CCBT,"Rollman et al., 2noyes8 (CCBT subgroup)",29a,no,yes,no,central,yes,no,yes,yes,in_person,yes,no,yes,yes,yes,yes,yes,yes,yes,no,no
25,"Rollman et al., 2017",25_Rollman_2017,intervention_ISG,ISG,"Rollman et al., 2noyes8 (ISG subgroup)",29b,no,yes,no,central,yes,no,yes,yes,in_person,yes,no,yes,yes,yes,yes,yes,yes,yes,no,yes
26,"Salisbury et al., 2016",26_Salisbury_2016,intervention,,"Salisbury et al., 2noyes6",yes6,no,no,no,central,yes,no,yes,no,in_person,no,no,yes,yes,no,yes,no,yes,yes,no,no
27,"Simon et al., 2000",27_Simon_2000,intervention,,"Simon et al., 2nonono",yes8,no,yes,no,central,no,no,no,no,by_phone,no,no,yes,yes,yes,yes,no,no,no,no,no
28,"Simon et al., 2004",28_Simon_2004,intervention_TelCare,TelCare,"Simon et al., 2nono4a (TelCare Subgroup)",yes9a,yes,yes,no,central,yes,no,yes,no,by_phone,no,no,yes,yes,no,yes,no,yes,yes,no,no
28,"Simon et al., 2004",28_Simon_2004,intervention_Psychotherapy,Psychotherapy,"Simon et al., 2nono4b (Psychotherapy Subgroup)",yes9b,yes,yes,no,central,yes,no,yes,no,in_person,yes,no,yes,yes,no,yes,no,yes,yes,no,no
29,"Simon et al., 2011",29_Simon_2011,intervention,,"Simon et al., 2noyesyes",2no,yes,yes,no,central,no,no,no,no,by_phone,no,no,yes,yes,yes,yes,yes,no,no,no,no
30,"Srinivasan et al., 2022",30_Srinivasan_2022,intervention,,"Srinivasan et al., 2no22",yes4,no,yes,no,local,yes,yes,yes,no,in_person,no,yes,no,yes,no,yes,no,yes,yes,yes,yes
31,"Unützer et al., 2002",31_Unützer_2002,intervention,,"Unützer et al., 2nono2",2yes,yes,yes,yes,local,yes,no,yes,yes,in_person,no,yes,yes,yes,no,yes,yes,yes,yes,no,yes
32,"Wells et al., 2000",32_Wells_2000,intervention_Medication,Medication,"Wells et al., 2nonono (Medication subgroup)",33a,no,yes,no,local,yes,no,no,no,in_person,no,no,no,yes,no,yes,no,yes,no,no,no
32,"Wells et al., 2000",32_Wells_2000,intervention_Therapy,Therapy,"Wells et al., 2nonono (Therapy subgroup)",33b,no,yes,yes,local,yes,yes,no,no,in_person,no,no,no,yes,no,yes,no,yes,no,no,no
33,"Zimmerman et al., 2016",33_Zimmerman_2016,intervention,,"Zimmermann et al., 2noyes",yes5,no,yes,no,local,yes,no,yes,yes,by_phone,no,yes,no,yes,no,yes,no,yes,no,no,yes